sequence,length,sense,start,end,distance,percent cds,repeat bases,No of offtarget,off targets,no of match nucleaotides,gc content,score
GTCAAGGACACAAGCCTGAA,20,TRUE,46505,46525,925,1,FALSE,0,[],[],50,108.1081081
GTTCCACAATACTCCCACTA,20,FALSE,51752,51732,1129,1,FALSE,0,[],[],45,88.57395926
CAAACCCTGACCGCAGTCGG,20,TRUE,51661,51681,1129,1,FALSE,0,[],[],65,88.57395926
GGTCAGGGTTTGCAGAAGCT,20,FALSE,51673,51653,1129,1,FALSE,0,[],[],55,88.57395926
GGGAGTATTGTGGAACTTAT,20,TRUE,51736,51756,1129,1,FALSE,0,[],[],40,88.57395926
AGAGCTTGTCAAGTCACAGC,20,FALSE,57747,57727,1596,1,FALSE,0,[],[],50,62.6566416
CAGGCCCAAATACTGGTTGT,20,FALSE,60285,60265,1719,1,FALSE,0,[],[],50,58.1733566
CAGCTGCAGCCAAGGTCTCC,20,FALSE,37696,37676,606,1,FALSE,1,['NG_011342'],[13],65,16.50165017
TGGCTACTAAATGTGCTCTT,20,TRUE,45749,45769,747,1,FALSE,1,['NG_011548'],[13],40,13.38688086
CAAGACCACAATGTTGTGAC,20,TRUE,51586,51606,1129,1,FALSE,1,['NG_022929'],[13],45,8.857395926
ACCGCTGCTAAGGAGGAGTC,20,TRUE,51697,51717,1129,1,FALSE,1,['NG_011553'],[13],60,8.857395926
GTCAGGGTTTGCAGAAGCTC,20,FALSE,51672,51652,1129,1,FALSE,1,['NG_012855'],[12],55,8.857395926
CGGTCACAACATTGTGGTCT,20,FALSE,51608,51588,1129,1,FALSE,1,['NG_051577'],[12],50,8.857395926
GACAGGAACGAGTAAGCCTG,20,FALSE,46427,46407,925,0.8,FALSE,1,['NG_052962'],[8],55,8.648648649
TGCATTTCTGAGGCCGAACC,20,FALSE,35761,35741,468,1,FALSE,3,"['NG_047105', 'NG_046963', 'NG_011434']","[13, 13, 12]",55,7.122507123
CCTGTGGAGGTTTGCTGAGC,20,TRUE,35711,35731,468,1,FALSE,3,"['NG_042314', 'NG_029866', 'NG_047032']","[13, 13, 13]",60,7.122507123
AGCTGAATCAGGCCCTTCGG,20,FALSE,57903,57883,1596,1,FALSE,1,['NG_016608'],[14],60,6.26566416
GACAAGCTCTGCCACTGATG,20,TRUE,57737,57757,1596,1,FALSE,1,['NG_021264'],[13],55,6.26566416
TGAATCAGGCCCTTCGGTGG,20,FALSE,57900,57880,1596,1,FALSE,1,['NG_052854'],[12],60,6.26566416
TGACAAGCTCTGCCACTGAT,20,TRUE,57736,57756,1596,1,FALSE,1,['NG_021264'],[14],50,6.26566416
TTCATCAGGAAGAATACCTG,20,FALSE,60342,60322,1719,1,FALSE,1,['NG_007083'],[14],40,5.81733566
AGAGTTCCTGAAGGCCTCCG,20,FALSE,60366,60346,1719,1,FALSE,1,['NG_033116'],[13],60,5.81733566
AGAATCAGTCCAGGAGACCT,20,TRUE,37664,37684,606,1,FALSE,3,"['NG_052852', 'NG_009497', 'NG_033962']","[13, 13, 13]",50,5.500550055
GTCTCTTGCTTGTTCGAGTC,20,FALSE,37660,37640,606,1,FALSE,3,"['NG_031974', 'NG_011750', 'NG_054898']","[15, 13, 12]",50,5.500550055
GGCACGGCAGAAGGTTCACC,20,FALSE,37639,37619,606,1,FALSE,3,"['NG_029544', 'NG_032948', 'NG_008273']","[11, 13, 12]",65,5.500550055
AGGGCAGCACGCAAACTCCG,20,FALSE,35714,35694,468,1,FALSE,4,"['NG_047128', 'NG_032093', 'NG_008432', 'NG_029376']","[12, 12, 12, 11]",65,5.341880342
CAGCTCAGCAAACCTCCACA,20,FALSE,35733,35713,468,1,FALSE,4,"['NG_047032', 'NG_032946', 'NG_042829', 'NG_042314']","[15, 13, 11, 13]",55,5.341880342
TGGTTCGGCCTCAGAAATGC,20,TRUE,35740,35760,468,1,FALSE,4,"['NG_047105', 'NG_046963', 'NG_011434', 'NG_054926']","[13, 13, 12, 12]",55,5.341880342
AGGCTTACTCGTTCCTGTCG,20,TRUE,46408,46428,925,0.85,FALSE,2,"['NG_012969', 'NG_052962']","[12, 8]",55,4.594594595
GCATCTGCCAGCACTCAAGA,20,TRUE,45708,45728,747,1,FALSE,3,"['NG_007853', 'NG_015813', 'NG_033097']","[15, 13, 13]",55,4.462293619
TGACTTCAGGTTCGCTATGA,20,FALSE,45665,45645,747,1,FALSE,3,"['NG_054890', 'NG_033865', 'NG_012104']","[12, 12, 16]",45,4.462293619
TGCCCATCCAATCTCCCACG,20,FALSE,63028,63008,2243,1,FALSE,1,['NG_029333'],[13],60,4.458314757
AAGCCGTAGTGGGAGTATTG,20,TRUE,51726,51746,1129,1,FALSE,2,"['NG_008605', 'NG_051591']","[17, 12]",50,4.428697963
CAATACTCCCACTACGGCTT,20,FALSE,51746,51726,1129,1,FALSE,2,"['NG_008605', 'NG_051591']","[17, 12]",50,4.428697963
GCAAACCCTGACCGCAGTCG,20,TRUE,51660,51680,1129,1,FALSE,2,"['NG_033974', 'NG_021407']","[12, 12]",65,4.428697963
TGCAAACCCTGACCGCAGTC,20,TRUE,51659,51679,1129,1,FALSE,2,"['NG_033974', 'NG_021407']","[12, 12]",60,4.428697963
GTTTGCGTGCTGCCCTGTGG,20,TRUE,35698,35718,468,1,FALSE,5,"['NG_047128', 'NG_051071', 'NG_050930', 'NG_042811', 'NG_056877']","[13, 13, 13, 9, 16]",65,4.273504274
TGAAAGGACAGGGCTGCATG,20,FALSE,53249,53229,1176,1,FALSE,2,"['NG_042285', 'NG_034162']","[13, 13]",55,4.25170068
TTGCTTGTTCGAGTCAGGCA,20,FALSE,37655,37635,606,1,FALSE,4,"['NG_051660', 'NG_031974', 'NG_013211', 'NG_052802']","[14, 12, 11, 11]",50,4.125412541
GGCAGAAGGTTCACCAGGTA,20,FALSE,37634,37614,606,1,FALSE,4,"['NG_051641', 'NG_031980', 'NG_008934', 'NG_007074']","[14, 13, 13, 10]",55,4.125412541
GGTCTCCTGGACTGATTCTT,20,FALSE,37683,37663,606,1,FALSE,4,"['NG_052852', 'NG_033962', 'NG_009497', 'NG_012925']","[13, 13, 13, 12]",50,4.125412541
GTCTCCTGGACTGATTCTTC,20,FALSE,37682,37662,606,1,FALSE,4,"['NG_052852', 'NG_009497', 'NG_012925', 'NG_033962']","[13, 13, 13, 13]",50,4.125412541
CCCCTCAGAATGGTGCCCCT,20,TRUE,35674,35694,468,0.55,FALSE,3,"['NG_051223', 'NG_011478', 'NG_023239']","[17, 13, 12]",65,3.917378917
TAGAGCTCGAGCTGTAACCT,20,FALSE,34193,34173,389,1,FALSE,7,"['NG_050753', 'NG_047182', 'NG_012513', 'NG_008333', 'NG_008871', 'NG_011723', 'NG_012855']","[12, 12, 12, 12, 11, 11, 11]",50,3.672420125
GTGGAGTGTTCATCCTCGAC,20,FALSE,46444,46424,925,1,FALSE,3,"['NG_054896', 'NG_047080', 'NG_011618']","[12, 12, 12]",55,3.603603604
CACTCCACTCTGCTGATTCT,20,TRUE,46436,46456,925,1,FALSE,3,"['NG_012855', 'NG_012551', 'NG_029041']","[14, 14, 13]",50,3.603603604
ACTGCTTTGATCTCTTGCCA,20,FALSE,70914,70894,2788,1,FALSE,1,['NG_053030'],[13],45,3.586800574
CCAGCTCAGCAAACCTCCAC,20,FALSE,35734,35714,468,1,FALSE,6,"['NG_047032', 'NG_032946', 'NG_050727', 'NG_042310', 'NG_042314', 'NG_029866']","[16, 14, 13, 13, 13, 13]",60,3.561253561
GAGACCCGAAGAATCAGTCC,20,TRUE,37655,37675,606,1,FALSE,5,"['NG_012925', 'NG_053097', 'NG_016799', 'NG_008057', 'NG_021272']","[12, 12, 12, 12, 11]",55,3.300330033
TTCGAGTCAGGCACGGCAGA,20,FALSE,37648,37628,606,1,FALSE,5,"['NG_052992', 'NG_052808', 'NG_029593', 'NG_007271', 'NG_033858']","[12, 12, 12, 12, 11]",60,3.300330033
TGCAGCTGTTCCCAAAATTA,20,TRUE,37688,37708,606,1,FALSE,5,"['NG_033893', 'NG_034015', 'NG_011634', 'NG_050679', 'NG_016263']","[15, 14, 13, 13, 13]",40,3.300330033
TGCAGTGTGTGCTGTGACCG,20,FALSE,57704,57684,1596,1,FALSE,2,"['NG_012989', 'NG_029872']","[14, 13]",60,3.13283208
ACGGTCACAGCACACACTGC,20,TRUE,57683,57703,1596,1,FALSE,2,"['NG_012989', 'NG_029872']","[14, 13]",60,3.13283208
ATCCTCCTCATCCCCATCAG,20,FALSE,57771,57751,1596,1,FALSE,2,"['NG_047133', 'NG_016799']","[16, 14]",55,3.13283208
AGGCCTGGGTCCCATCATTC,20,FALSE,57850,57830,1596,1,FALSE,2,"['NG_052955', 'NG_008336']","[11, 13]",60,3.13283208
TTGACAAGCTCTGCCACTGA,20,TRUE,57735,57755,1596,1,FALSE,2,"['NG_021264', 'NG_008312']","[14, 14]",50,3.13283208
GGCAGCACGCAAACTCCGAG,20,FALSE,35712,35692,468,1,FALSE,7,"['NG_012839', 'NG_008432', 'NG_008651', 'NG_050957', 'NG_032093', 'NG_042058', 'NG_016621']","[12, 12, 11, 11, 11, 11, 11]",65,3.052503053
GGGCAGCACGCAAACTCCGA,20,FALSE,35713,35693,468,1,FALSE,7,"['NG_032093', 'NG_008432', 'NG_029376', 'NG_012839', 'NG_052818', 'NG_050957', 'NG_047128']","[12, 12, 11, 11, 11, 11, 11]",65,3.052503053
GGAGTTTGCGTGCTGCCCTG,20,TRUE,35695,35715,468,1,FALSE,7,"['NG_047128', 'NG_051071', 'NG_032093', 'NG_042811', 'NG_008432', 'NG_029376', 'NG_046926']","[13, 12, 12, 9, 12, 11, 11]",65,3.052503053
CTGCAACAGCTCCAGGGCTC,20,FALSE,51628,51608,1129,1,FALSE,3,"['NG_007290', 'NG_029207', 'NG_032019']","[15, 14, 13]",65,2.952465309
GTTACAGCTCGAGCTCTATA,20,TRUE,34175,34195,389,1,FALSE,9,"['NG_047182', 'NG_050753', 'NG_034162', 'NG_012513', 'NG_008333', 'NG_052947', 'NG_042110', 'NG_008871', 'NG_011723']","[17, 12, 12, 12, 12, 11, 11, 11, 11]",45,2.856326764
TTTGGGAACAGCTGCAGCCA,20,FALSE,37704,37684,606,1,FALSE,6,"['NG_052873', 'NG_034015', 'NG_016625', 'NG_008961', 'NG_011634', 'NG_033118']","[14, 14, 12, 13, 13, 13]",55,2.750275028
CAAGGGCACCAAATACCTCA,20,FALSE,46493,46473,925,1,FALSE,4,"['NG_030365', 'NG_007123', 'NG_011451', 'NG_009094']","[15, 14, 13, 13]",50,2.702702703
CACGCCAAGAATCAGCAGAG,20,FALSE,46463,46443,925,1,FALSE,4,"['NG_027734', 'NG_011756', 'NG_053179', 'NG_028212']","[13, 13, 13, 13]",55,2.702702703
GCAAGGGCACCAAATACCTC,20,FALSE,46494,46474,925,1,FALSE,4,"['NG_030365', 'NG_007123', 'NG_009094', 'NG_046752']","[14, 14, 13, 13]",55,2.702702703
CGGAGTGACAAGGAAAGAAA,20,TRUE,46534,46554,925,1,FALSE,4,"['NG_021467', 'NG_032772', 'NG_012826', 'NG_027957']","[14, 13, 13, 13]",45,2.702702703
ATTGTGTCCTTCTTGAGTGC,20,FALSE,45738,45718,747,1,FALSE,5,"['NG_029484', 'NG_016807', 'NG_012417', 'NG_012855', 'NG_012562']","[14, 14, 14, 13, 12]",45,2.677376171
CGATTCAGAGTCATCCTCCA,20,FALSE,55924,55904,1256,1,FALSE,3,"['NG_051932', 'NG_009086', 'NG_029766']","[14, 13, 13]",50,2.653927813
GGATGACTCTGAATCGAGAT,20,TRUE,55908,55928,1256,1,FALSE,3,"['NG_032943', 'NG_051932', 'NG_007083']","[12, 12, 12]",45,2.653927813
CAGCCTGAGGAACATGGTGC,20,TRUE,103409,103429,4000,1,FALSE,1,['NG_042130'],[18],60,2.5
CACAAAGAACCGTGCAGATA,20,TRUE,105103,105123,4078,1,FALSE,1,['NG_046914'],[12],45,2.452182442
TCCAGCCGCTGTCCGCCGAA,20,FALSE,45698,45678,747,1,FALSE,6,"['NG_027941', 'NG_008608', 'NG_053189', 'NG_007495', 'NG_029831', 'NG_028281']","[13, 12, 12, 12, 12, 12]",70,2.231146809
GGGCTCCGGTCACAACATTG,20,FALSE,51614,51594,1129,1,FALSE,4,"['NG_033097', 'NG_011604', 'NG_032887', 'NG_028200']","[12, 16, 11, 11]",60,2.214348981
GCAGCTCACCGCTGCTAAGG,20,TRUE,51690,51710,1129,1,FALSE,4,"['NG_017089', 'NG_011645', 'NG_012839', 'NG_029481']","[3, 5, 12, 6]",65,2.214348981
AGGGTTTGCAGAAGCTCGGG,20,FALSE,51669,51649,1129,1,FALSE,4,"['NG_051298', 'NG_012855', 'NG_008240', 'NG_028012']","[13, 12, 12, 12]",60,2.214348981
CTGCAAACCCTGACCGCAGT,20,TRUE,51658,51678,1129,1,FALSE,4,"['NG_042806', 'NG_033974', 'NG_029567', 'NG_021407']","[12, 12, 12, 12]",60,2.214348981
TGGGCAGCTCACCGCTGCTA,20,TRUE,51687,51707,1129,1,FALSE,4,"['NG_029066', 'NG_027827', 'NG_017066', 'NG_012839']","[13, 13, 12, 12]",65,2.214348981
CAATGTTGTGACCGGAGCCC,20,TRUE,51594,51614,1129,1,FALSE,4,"['NG_033097', 'NG_011604', 'NG_032887', 'NG_028200']","[12, 16, 11, 11]",60,2.214348981
AAGGCAGCTTCGGAGTGACA,20,TRUE,46524,46544,925,1,FALSE,5,"['NG_012003', 'NG_033864', 'NG_033796', 'NG_008777', 'NG_012855']","[17, 12, 12, 12, 15]",55,2.162162162
ACAAGCCTGAAAGGCAGCTT,20,TRUE,46514,46534,925,1,FALSE,5,"['NG_041788', 'NG_046943', 'NG_029191', 'NG_046164', 'NG_023253']","[14, 17, 13, 1, 13]",50,2.162162162
GCTGCTCACCCTGAGGTATT,20,TRUE,46462,46482,925,1,FALSE,5,"['NG_032973', 'NG_008961', 'NG_013308', 'NG_007276', 'NG_008727']","[16, 5, 14, 14, 13]",55,2.162162162
GTTTGCTGAGCTGGCTCACC,20,TRUE,35720,35740,468,1,FALSE,10,"['NG_047030', 'NG_013036', 'NG_051606', 'NG_050727', 'NG_042310', 'NG_031914', 'NG_029487', 'NG_032946', 'NG_047032', 'NG_033820']","[14, 13, 13, 13, 13, 13, 13, 13, 13, 13]",60,2.136752137
GCTCCCAGACCACCACCGAA,20,TRUE,57868,57888,1596,1,FALSE,3,"['NG_046907', 'NG_033880', 'NG_016747']","[13, 13, 13]",65,2.08855472
TCAGTGAAGGATGAGATCAG,20,TRUE,57591,57611,1596,1,FALSE,3,"['NG_029712', 'NG_013253', 'NG_013213']","[13, 13, 13]",45,2.08855472
AGCTCCCAGACCACCACCGA,20,TRUE,57867,57887,1596,1,FALSE,3,"['NG_046907', 'NG_033880', 'NG_016747']","[13, 13, 13]",65,2.08855472
CGTCCCATCTGACCCTGCCA,20,TRUE,57803,57823,1596,1,FALSE,3,"['NG_008295', 'NG_029870', 'NG_021424']","[13, 13, 13]",65,2.08855472
CATCATTCAGGTCCATGGCA,20,FALSE,57838,57818,1596,1,FALSE,3,"['NG_008779', 'NG_052823', 'NG_013008']","[13, 13, 12]",50,2.08855472
GTCACAGCACACACTGCAGG,20,TRUE,57686,57706,1596,1,FALSE,3,"['NG_012989', 'NG_053113', 'NG_051237']","[14, 13, 13]",60,2.08855472
CATGGCAGGGTCAGATGGGA,20,FALSE,57825,57805,1596,1,FALSE,3,"['NG_011618', 'NG_029870', 'NG_008295']","[13, 13, 13]",60,2.08855472
GTTTCCACTCCAGGGTCAGC,20,TRUE,57636,57656,1596,1,FALSE,3,"['NG_021398', 'NG_032576', 'NG_032987']","[18, 13, 13]",60,2.08855472
ACAACTTACCTGCATTTCTG,20,FALSE,35771,35751,468,0.55,FALSE,6,"['NG_042810', 'NG_027669', 'NG_012743', 'NG_011841', 'NG_011729', 'NG_009233']","[8, 7, 9, 13, 13, 4]",40,1.958689459
GCCTTCAGGAACTCTTCCAT,20,TRUE,60351,60371,1719,1,FALSE,3,"['NG_032772', 'NG_042838', 'NG_029924']","[14, 14, 17]",50,1.939111887
GGTACCGACAACCAGTATTT,20,TRUE,60258,60278,1719,1,FALSE,3,"['NG_029438', 'NG_030404', 'NG_016169']","[12, 12, 12]",45,1.939111887
AAGGCCTCCGAGGCTTCATC,20,FALSE,60356,60336,1719,1,FALSE,3,"['NG_046730', 'NG_028278', 'NG_051951']","[13, 12, 12]",60,1.939111887
TTGCATACACAGGCCTTACC,20,TRUE,37598,37618,606,0.35,FALSE,3,"['NG_029688', 'NG_029916', 'NG_054762']","[13, 13, 12]",50,1.925192519
TTCTGCAGAGCAGCTTGTCC,20,TRUE,46567,46587,925,1,FALSE,6,"['NG_033939', 'NG_009307', 'NG_008835', 'NG_052913', 'NG_047206', 'NG_029544']","[16, 15, 14, 13, 13, 17]",55,1.801801802
ACCAGACTCCTCCTTAGCAG,20,FALSE,51721,51701,1129,1,FALSE,5,"['NG_047159', 'NG_011634', 'NG_033823', 'NG_032948', 'NG_023366']","[15, 13, 13, 13, 13]",55,1.771479185
GCTGCTAAGGAGGAGTCTGG,20,TRUE,51700,51720,1129,1,FALSE,5,"['NG_047159', 'NG_011553', 'NG_033823', 'NG_032948', 'NG_023366']","[15, 13, 13, 13, 13]",60,1.771479185
CCCCACCATTCGGCGGACAG,20,TRUE,45670,45690,747,1,FALSE,8,"['NG_012794', 'NG_017201', 'NG_051309', 'NG_046772', 'NG_041822', 'NG_016966', 'NG_011807', 'NG_009365']","[12, 11, 11, 11, 11, 11, 11, 11]",70,1.673360107
TTACTAGGCAAAGTGCTCTT,20,TRUE,55867,55887,1256,0.6,FALSE,3,"['NG_013369', 'NG_034143', 'NG_016459']","[13, 12, 12]",40,1.592356688
GTCAGCAGCTCTGCCTTAAC,20,TRUE,55933,55953,1256,1,FALSE,5,"['NG_011882', 'NG_032122', 'NG_054892', 'NG_046909', 'NG_032930']","[15, 14, 13, 13, 13]",55,1.592356688
GGTCCATGGCAGGGTCAGAT,20,FALSE,57829,57809,1596,1,FALSE,4,"['NG_011618', 'NG_027827', 'NG_013044', 'NG_021409']","[13, 13, 11, 12]",60,1.56641604
ACTGATCTCATCCTTCACTG,20,FALSE,57612,57592,1596,1,FALSE,4,"['NG_029712', 'NG_013253', 'NG_013213', 'NG_009759']","[13, 13, 13, 13]",45,1.56641604
CTGCCATGGACCTGAATGAT,20,TRUE,57817,57837,1596,1,FALSE,4,"['NG_008779', 'NG_009192', 'NG_008744', 'NG_013008']","[13, 13, 13, 12]",50,1.56641604
GGACCTGAATGATGGGACCC,20,TRUE,57824,57844,1596,1,FALSE,4,"['NG_012518', 'NG_031978', 'NG_015843', 'NG_052823']","[15, 18, 13, 13]",60,1.56641604
AACAGCTGAATCAGGCCCTT,20,FALSE,57906,57886,1596,1,FALSE,4,"['NG_016608', 'NG_052827', 'NG_047157', 'NG_065324']","[14, 13, 13, 12]",50,1.56641604
AGAGCTGGCTGCTTCTTCAG,20,TRUE,57614,57634,1596,1,FALSE,4,"['NG_021467', 'NG_053181', 'NG_047035', 'NG_009369']","[14, 14, 14, 13]",55,1.56641604
GGTCCCATCATTCAGGTCCA,20,FALSE,57843,57823,1596,1,FALSE,4,"['NG_012518', 'NG_015843', 'NG_052823', 'NG_031978']","[15, 13, 13, 17]",55,1.56641604
CCATCATTCAGGTCCATGGC,20,FALSE,57839,57819,1596,1,FALSE,4,"['NG_008779', 'NG_052823', 'NG_012518', 'NG_016168']","[13, 13, 13, 16]",55,1.56641604
AGGTCCATGGCAGGGTCAGA,20,FALSE,57830,57810,1596,1,FALSE,4,"['NG_013044', 'NG_009192', 'NG_011618', 'NG_027827']","[11, 13, 13, 13]",60,1.56641604
GAGAGCTGGCTGCTTCTTCA,20,TRUE,57613,57633,1596,1,FALSE,4,"['NG_021467', 'NG_053181', 'NG_047035', 'NG_009369']","[14, 14, 14, 13]",55,1.56641604
TGGACAAGCTGCTCTGCAGA,20,FALSE,46588,46568,925,1,FALSE,7,"['NG_033939', 'NG_009307', 'NG_008027', 'NG_052913', 'NG_047206', 'NG_029544', 'NG_032984']","[16, 15, 14, 13, 13, 17, 13]",55,1.544401544
CTGAGCTGGCTCACCTGGTT,20,TRUE,35725,35745,468,1,FALSE,14,"['NG_021298', 'NG_012496', 'NG_029487', 'NG_012222', 'NG_061633', 'NG_052636', 'NG_051606', 'NG_050684', 'NG_050688', 'NG_046961', 'NG_023049', 'NG_016757', 'NG_011798', 'NG_050912']","[11, 1, 14, 14, 3, 13, 13, 17, 2, 4, 2, 3, 13, 13]",60,1.526251526
TATTCTTCCTGATGAAGCCT,20,TRUE,60326,60346,1719,1,FALSE,4,"['NG_033901', 'NG_013079', 'NG_007083', 'NG_008766']","[5, 18, 14, 14]",40,1.454333915
CGGTACCGACAACCAGTATT,20,TRUE,60257,60277,1719,1,FALSE,4,"['NG_029438', 'NG_052904', 'NG_052823', 'NG_042033']","[12, 11, 11, 11]",50,1.454333915
ATGAAGCCTCGGAGGCCTTC,20,TRUE,60337,60357,1719,1,FALSE,4,"['NG_046730', 'NG_028278', 'NG_051951', 'NG_046752']","[13, 12, 12, 12]",60,1.454333915
TTGGCGTGCTGCTCACCCTG,20,TRUE,46455,46475,925,1,FALSE,8,"['NG_008961', 'NG_008727', 'NG_053070', 'NG_031884', 'NG_009893', 'NG_013081', 'NG_054939', 'NG_054915']","[3, 13, 13, 1, 13, 12, 12, 12]",65,1.351351351
CTTAGGAGAAGAAGAAGCCT,20,TRUE,55884,55904,1256,1,FALSE,6,"['NG_052633', 'NG_011884', 'NG_033087', 'NG_021218', 'NG_008056', 'NG_029900']","[14, 14, 14, 14, 14, 13]",45,1.326963907
CCTGCCATGGACCTGAATGA,20,TRUE,57816,57836,1596,1,FALSE,5,"['NG_009192', 'NG_008779', 'NG_008744', 'NG_021409', 'NG_013008']","[14, 13, 13, 12, 12]",55,1.253132832
CTTGAGCCACAGCTCCAGCC,20,TRUE,57773,57793,1596,1,FALSE,5,"['NG_023040', 'NG_016139', 'NG_011756', 'NG_007574', 'NG_029777']","[14, 14, 14, 14, 13]",65,1.253132832
GTCTGGGAGCTGTCGCTGAT,20,FALSE,57878,57858,1596,1,FALSE,5,"['NG_032891', 'NG_031823', 'NG_028110', 'NG_052850', 'NG_047078']","[13, 12, 12, 12, 12]",60,1.253132832
GGTCTGGGAGCTGTCGCTGA,20,FALSE,57879,57859,1596,1,FALSE,5,"['NG_052850', 'NG_032891', 'NG_030026', 'NG_031823', 'NG_028110']","[13, 13, 12, 12, 12]",65,1.253132832
GCCTGGGTGAAGTGGGTGTA,20,FALSE,103397,103377,4000,1,FALSE,2,"['NG_032813', 'NG_052911']","[17, 14]",60,1.25
GGTTCTTTGTGACACTCGTG,20,FALSE,105114,105094,4078,1,FALSE,2,"['NG_012653', 'NG_046920']","[14, 13]",50,1.226091221
ACTGGGTAGACACTTTCTGG,20,FALSE,105081,105061,4078,1,FALSE,2,"['NG_034199', 'NG_032855']","[13, 13]",50,1.226091221
TCAACTGGGTAGACACTTTC,20,FALSE,105084,105064,4078,1,FALSE,2,"['NG_023324', 'NG_032855']","[17, 13]",45,1.226091221
GCAGAGCAGCTTGTCCAGGT,20,TRUE,46571,46591,925,0.9,FALSE,8,"['NG_008027', 'NG_032928', 'NG_033939', 'NG_052958', 'NG_051022', 'NG_012742', 'NG_032984', 'NG_013058']","[15, 14, 14, 13, 13, 13, 13, 13]",60,1.216216216
ACGGGTTAATTACTGTCTTC,20,TRUE,105399,105419,4239,1,FALSE,2,"['NG_029527', 'NG_016754']","[14, 12]",40,1.179523473
CAGTATTTGGGCCTGCAGAT,20,TRUE,60270,60290,1719,1,FALSE,5,"['NG_032162', 'NG_008372', 'NG_034037', 'NG_023366', 'NG_011723']","[13, 13, 13, 13, 12]",50,1.163467132
CCTGCAGATTGGACAGCCCC,20,TRUE,60281,60301,1719,1,FALSE,5,"['NG_011792', 'NG_008289', 'NG_007981', 'NG_016981', 'NG_011907']","[11, 13, 13, 12, 12]",65,1.163467132
AGCCGCTGTCCGCCGAATGG,20,FALSE,45695,45675,747,1,FALSE,12,"['NG_008608', 'NG_053189', 'NG_007495', 'NG_012794', 'NG_023544', 'NG_047164', 'NG_046772', 'NG_031868', 'NG_012215', 'NG_031809', 'NG_029831', 'NG_029793']","[12, 12, 12, 12, 11, 11, 11, 11, 11, 11, 11, 11]",70,1.115573405
GCCGCTGTCCGCCGAATGGT,20,FALSE,45694,45674,747,1,FALSE,12,"['NG_007495', 'NG_012794', 'NG_008608', 'NG_053189', 'NG_031868', 'NG_012215', 'NG_031809', 'NG_013361', 'NG_051309', 'NG_046772', 'NG_033953', 'NG_029793']","[12, 12, 12, 12, 11, 11, 11, 11, 11, 11, 19, 11]",70,1.115573405
ACCATTCGGCGGACAGCGGC,20,TRUE,45674,45694,747,1,FALSE,12,"['NG_007495', 'NG_012794', 'NG_008608', 'NG_053189', 'NG_031868', 'NG_012215', 'NG_031809', 'NG_013361', 'NG_051309', 'NG_046772', 'NG_033953', 'NG_029793']","[12, 12, 12, 12, 11, 11, 11, 11, 11, 11, 19, 11]",70,1.115573405
GAGCTGCTGCAACAGCTCCA,20,FALSE,51634,51614,1129,1,FALSE,8,"['NG_051106', 'NG_028027', 'NG_051591', 'NG_029716', 'NG_027669', 'NG_012426', 'NG_012321', 'NG_008113']","[16, 16, 15, 13, 13, 17, 17, 13]",60,1.107174491
ACATCATCACAGAACAGCCA,20,TRUE,57664,57684,1596,1,FALSE,6,"['NG_015812', 'NG_054754', 'NG_051243', 'NG_050949', 'NG_011878', 'NG_029147']","[13, 17, 13, 13, 13, 13]",45,1.04427736
GCAGGCGGACTCAGTGGATC,20,TRUE,57701,57721,1596,1,FALSE,6,"['NG_032889', 'NG_022928', 'NG_056877', 'NG_046994', 'NG_009022', 'NG_028111']","[13, 13, 12, 12, 12, 12]",65,1.04427736
ATGACCTGCTGACCCTGGAG,20,FALSE,57663,57643,1596,1,FALSE,6,"['NG_032871', 'NG_016545', 'NG_054928', 'NG_052957', 'NG_052848', 'NG_032144']","[14, 14, 17, 13, 13, 13]",60,1.04427736
CGCTGACCTGGCTGGAGCTG,20,FALSE,57802,57782,1596,1,FALSE,6,"['NG_052848', 'NG_008074', 'NG_054914', 'NG_052872', 'NG_050910', 'NG_042855']","[14, 14, 13, 13, 13, 13]",70,1.04427736
GTAAAAGCATGTCTACCGGA,20,FALSE,117016,116996,4816,1,FALSE,2,"['NG_012047', 'NG_012574']","[15, 12]",45,1.03820598
CCGCTGTCCGCCGAATGGTG,20,FALSE,45693,45673,747,1,FALSE,13,"['NG_007495', 'NG_012794', 'NG_053189', 'NG_031868', 'NG_012215', 'NG_031809', 'NG_008608', 'NG_051309', 'NG_046772', 'NG_029793', 'NG_015830', 'NG_012187', 'NG_007282']","[12, 12, 12, 11, 11, 11, 11, 11, 11, 11, 11, 11, 11]",70,1.029760066
AGGAGAAGAAGAAGCCTTGG,20,TRUE,55887,55907,1256,1,FALSE,8,"['NG_052633', 'NG_011884', 'NG_033087', 'NG_021218', 'NG_013002', 'NG_008056', 'NG_029900', 'NG_016564']","[14, 14, 14, 14, 14, 14, 13, 13]",50,0.99522293
GTTTGCAGAAGCTCGGGTGG,20,FALSE,51666,51646,1129,1,FALSE,9,"['NG_051298', 'NG_042060', 'NG_012855', 'NG_008240', 'NG_028012', 'NG_053155', 'NG_052966', 'NG_008115', 'NG_051966']","[13, 13, 12, 12, 12, 12, 12, 12, 12]",60,0.984155103
CTTGACCTGCTGCTGCAGCA,20,FALSE,46511,46491,925,1,FALSE,12,"['NG_050743', 'NG_011836', 'NG_053045', 'NG_052874', 'NG_016274', 'NG_027686', 'NG_012535', 'NG_012260', 'NG_009873', 'NG_065324', 'NG_033858', 'NG_021253']","[16, 12, 14, 14, 14, 14, 12, 14, 13, 13, 13, 13]",60,0.900900901
GGTGCCCTTGCTGCAGCAGC,20,TRUE,46483,46503,925,1,FALSE,12,"['NG_033961', 'NG_033013', 'NG_029533', 'NG_009231', 'NG_011853', 'NG_012303', 'NG_034150', 'NG_033152', 'NG_029970', 'NG_012822', 'NG_031974', 'NG_057565']","[16, 16, 14, 14, 13, 13, 13, 1, 13, 13, 13, 13]",70,0.900900901
AGGCCCTTCGGTGGTGGTCT,20,FALSE,57894,57874,1596,1,FALSE,7,"['NG_052854', 'NG_051022', 'NG_047146', 'NG_046979', 'NG_029850', 'NG_009269', 'NG_029805']","[12, 12, 14, 12, 16, 8, 11]",65,0.89509488
CAGGCCCTTCGGTGGTGGTC,20,FALSE,57895,57875,1596,1,FALSE,7,"['NG_047146', 'NG_046979', 'NG_029850', 'NG_009269', 'NG_052854', 'NG_051022', 'NG_029805']","[14, 12, 16, 8, 12, 12, 11]",70,0.89509488
CTGTGATTTGCAGCTGGAGG,20,TRUE,53201,53221,1176,0.3,FALSE,3,"['NG_016715', 'NG_046775', 'NG_007488']","[16, 14, 14]",55,0.850340136
CAAGCCTGGCCTCACACTGG,20,FALSE,103353,103333,4000,1,FALSE,3,"['NG_016807', 'NG_051243', 'NG_046601']","[14, 13, 13]",65,0.833333333
CCCGTACACCCACTTCACCC,20,TRUE,103373,103393,4000,1,FALSE,3,"['NG_050735', 'NG_012155', 'NG_032813']","[19, 13, 13]",65,0.833333333
CCTCAGGCTGGCGTCAGCGA,20,FALSE,103419,103399,4000,1,FALSE,3,"['NG_032121', 'NG_032814', 'NG_054880']","[13, 12, 12]",70,0.833333333
CCTGAGGAACATGGTGCAGG,20,TRUE,103412,103432,4000,1,FALSE,3,"['NG_027693', 'NG_047052', 'NG_016349']","[14, 13, 13]",60,0.833333333
CAAGGCCGAGCACAGCGCCT,20,TRUE,103305,103325,4000,1,FALSE,3,"['NG_029787', 'NG_008079', 'NG_051577']","[13, 13, 12]",70,0.833333333
GTACAAGCCTGGCCTCACAC,20,FALSE,103356,103336,4000,1,FALSE,3,"['NG_016807', 'NG_051243', 'NG_046601']","[14, 13, 13]",60,0.833333333
TCTTCCTGATGAAGCCTCGG,20,TRUE,60329,60349,1719,1,FALSE,7,"['NG_029875', 'NG_008766', 'NG_011844', 'NG_033936', 'NG_033901', 'NG_021141', 'NG_013079']","[14, 14, 12, 13, 4, 13, 13]",55,0.831047951
CAATCTGCAGGCCCAAATAC,20,FALSE,60292,60272,1719,1,FALSE,7,"['NG_034037', 'NG_023366', 'NG_016275', 'NG_011723', 'NG_032162', 'NG_008372', 'NG_031964']","[13, 13, 2, 13, 13, 13, 12]",50,0.831047951
GATGAAGATGAGGAAGCCAC,20,TRUE,60303,60323,1719,1,FALSE,7,"['NG_011643', 'NG_033936', 'NG_012934', 'NG_065171', 'NG_009932', 'NG_051288', 'NG_016428']","[16, 15, 15, 14, 14, 14, 14]",50,0.831047951
CGTGAGGTTTGTCTTCAACT,20,FALSE,105098,105078,4078,1,FALSE,3,"['NG_008197', 'NG_047078', 'NG_033929']","[13, 13, 13]",45,0.817394147
TCTGGTGGCCGAAGCCGTAG,20,TRUE,51715,51735,1129,1,FALSE,11,"['NG_034123', 'NG_008727', 'NG_030672', 'NG_015830', 'NG_008357', 'NG_052671', 'NG_051186', 'NG_047109', 'NG_021316', 'NG_033900', 'NG_033239']","[13, 12, 12, 12, 12, 11, 11, 11, 11, 11, 11]",65,0.805217811
AGAGCTGCTGCAACAGCTCC,20,FALSE,51635,51615,1129,1,FALSE,11,"['NG_051106', 'NG_028027', 'NG_051591', 'NG_033114', 'NG_029716', 'NG_028028', 'NG_027748', 'NG_027669', 'NG_012426', 'NG_012321', 'NG_008113']","[17, 16, 15, 13, 13, 11, 13, 13, 17, 17, 13]",60,0.805217811
CTAGTGAGAACTACCTGTTA,20,FALSE,55969,55949,1256,0.3,FALSE,3,"['NG_033919', 'NG_028083', 'NG_051800']","[12, 13, 11]",40,0.796178344
CGCTGTCCGCCGAATGGTGG,20,FALSE,45692,45672,747,1,FALSE,17,"['NG_053189', 'NG_012794', 'NG_007495', 'NG_012215', 'NG_031809', 'NG_009365', 'NG_007406', 'NG_017201', 'NG_051309', 'NG_046772', 'NG_041822', 'NG_029793', 'NG_016966', 'NG_015830', 'NG_012187', 'NG_011807', 'NG_007282']","[12, 12, 11, 11, 11, 11, 11, 11, 11, 11, 11, 11, 11, 11, 11, 11, 11]",70,0.78746358
CACACTGCAGGCGGACTCAG,20,TRUE,57695,57715,1596,1,FALSE,8,"['NG_053061', 'NG_053025', 'NG_032889', 'NG_029566', 'NG_022928', 'NG_050626', 'NG_042033', 'NG_034114']","[13, 11, 13, 13, 13, 3, 12, 16]",65,0.78320802
ATGTCATGACCTGCTGACCC,20,FALSE,57668,57648,1596,1,FALSE,8,"['NG_016754', 'NG_052848', 'NG_034198', 'NG_021349', 'NG_021333', 'NG_013339', 'NG_015843', 'NG_055246']","[13, 13, 13, 13, 12, 12, 12, 12]",55,0.78320802
CTTGCTGCAGCAGCAGGTCA,20,TRUE,46489,46509,925,1,FALSE,14,"['NG_011836', 'NG_052874', 'NG_050743', 'NG_065324', 'NG_031974', 'NG_053045', 'NG_046958', 'NG_016274', 'NG_027686', 'NG_033013', 'NG_012535', 'NG_012260', 'NG_009873', 'NG_033858']","[12, 15, 15, 14, 14, 14, 14, 14, 14, 14, 12, 14, 13, 13]",60,0.772200772
TTGACCTGCTGCTGCAGCAA,20,FALSE,46510,46490,925,1,FALSE,14,"['NG_050743', 'NG_011836', 'NG_052874', 'NG_065324', 'NG_053045', 'NG_046958', 'NG_016274', 'NG_027686', 'NG_012535', 'NG_012260', 'NG_009873', 'NG_031974', 'NG_033858', 'NG_021253']","[16, 12, 15, 14, 14, 14, 14, 14, 12, 14, 13, 13, 13, 13]",55,0.772200772
CAGATGGGACGGCGCTGACC,20,FALSE,57814,57794,1596,1,FALSE,9,"['NG_030466', 'NG_053134', 'NG_029370', 'NG_021241', 'NG_017066', 'NG_016280', 'NG_051815', 'NG_051589', 'NG_051360']","[12, 12, 12, 12, 11, 11, 11, 11, 11]",70,0.696184907
CTGGTGGCCGAAGCCGTAGT,20,TRUE,51716,51736,1129,1,FALSE,13,"['NG_034123', 'NG_008727', 'NG_030672', 'NG_015830', 'NG_011968', 'NG_008357', 'NG_051186', 'NG_047109', 'NG_021316', 'NG_033900', 'NG_033239', 'NG_030020', 'NG_029121']","[13, 12, 12, 12, 12, 12, 11, 11, 11, 11, 11, 11, 15]",65,0.681338148
ACCCATGGAAGAGTTCCTGA,20,FALSE,60375,60355,1719,0.9,FALSE,8,"['NG_042838', 'NG_042852', 'NG_034012', 'NG_015798', 'NG_008647', 'NG_008159', 'NG_051076', 'NG_047183']","[16, 13, 13, 13, 13, 13, 13, 13]",50,0.654450262
ACAGCCCCAGGATGAAGATG,20,TRUE,60293,60313,1719,1,FALSE,9,"['NG_033869', 'NG_009793', 'NG_013025', 'NG_007939', 'NG_029953', 'NG_012925', 'NG_054883', 'NG_052965', 'NG_052813']","[14, 14, 14, 9, 13, 9, 12, 13, 13]",55,0.646370629
AAGCAGTAGTGGTACAAGCC,20,FALSE,103367,103347,4000,1,FALSE,4,"['NG_021180', 'NG_011634', 'NG_008119', 'NG_052906']","[14, 13, 13, 12]",50,0.625
CTGGGTGAAGTGGGTGTACG,20,FALSE,103395,103375,4000,1,FALSE,4,"['NG_032813', 'NG_012155', 'NG_050735', 'NG_009252']","[15, 13, 17, 13]",60,0.625
AGCGAGGGCCTGGGTGAAGT,20,FALSE,103404,103384,4000,1,FALSE,4,"['NG_033901', 'NG_029890', 'NG_032813', 'NG_008197']","[14, 14, 13, 13]",65,0.625
CCTGGGTGAAGTGGGTGTAC,20,FALSE,103396,103376,4000,1,FALSE,4,"['NG_032813', 'NG_012155', 'NG_052911', 'NG_009252']","[16, 13, 13, 13]",60,0.625
CAGCGAGGGCCTGGGTGAAG,20,FALSE,103405,103385,4000,1,FALSE,4,"['NG_033901', 'NG_029890', 'NG_013255', 'NG_008197']","[14, 14, 14, 13]",70,0.625
CACCATTTACCTTATCTGCA,20,FALSE,105135,105115,4078,0.5,FALSE,2,"['NG_008397', 'NG_031854']","[7, 8]",40,0.613045611
TCGTGAGGTTTGTCTTCAAC,20,FALSE,105099,105079,4078,1,FALSE,4,"['NG_047078', 'NG_033929', 'NG_030026', 'NG_008197']","[14, 13, 12, 12]",45,0.613045611
TTTAGATTTGCTGGCGCAGC,20,TRUE,105369,105389,4239,1,FALSE,4,"['NG_053094', 'NG_053040', 'NG_034153', 'NG_016391']","[12, 12, 12, 12]",50,0.589761736
ATGTGTGCAGTTACAGAAGC,20,TRUE,105345,105365,4239,1,FALSE,4,"['NG_015803', 'NG_054928', 'NG_050663', 'NG_047093']","[14, 13, 13, 13]",45,0.589761736
ACATTGAAGTGGGCCAGTTC,20,TRUE,107691,107711,4294,1,FALSE,4,"['NG_050570', 'NG_011572', 'NG_012826', 'NG_054752']","[13, 12, 16, 12]",50,0.582207732
GCTGATGGGCGACGAGGCCT,20,FALSE,57864,57844,1596,1,FALSE,11,"['NG_028200', 'NG_047040', 'NG_011433', 'NG_007992', 'NG_032955', 'NG_052831', 'NG_050952', 'NG_006672', 'NG_011820', 'NG_013017', 'NG_011552']","[18, 14, 13, 13, 13, 13, 12, 12, 11, 11, 11]",70,0.569605833
TTCTGTGATTTGCAGCTGGA,20,TRUE,53199,53219,1176,0.2,FALSE,3,"['NG_016715', 'NG_007488', 'NG_046775']","[15, 14, 14]",45,0.566893424
TCTGTGATTTGCAGCTGGAG,20,TRUE,53200,53220,1176,0.25,FALSE,4,"['NG_016715', 'NG_007488', 'NG_046775', 'NG_023247']","[16, 14, 14, 5]",50,0.531462585
TGAACCGTTTAGGTGTTAGA,20,TRUE,60237,60257,1719,0.35,FALSE,4,"['NG_029764', 'NG_053034', 'NG_050771', 'NG_029888']","[7, 12, 12, 12]",40,0.50901687
GCCTTGGCTCCTCCAGTGTG,20,TRUE,103321,103341,4000,1,FALSE,5,"['NG_008019', 'NG_047178', 'NG_047130', 'NG_034145', 'NG_034012']","[13, 13, 13, 13, 13]",65,0.5
GCTGTCGCTGATGGGCGACG,20,FALSE,57870,57850,1596,1,FALSE,13,"['NG_052831', 'NG_029172', 'NG_050952', 'NG_047078', 'NG_047040', 'NG_034025', 'NG_029414', 'NG_033907', 'NG_028200', 'NG_053138', 'NG_011820', 'NG_052955', 'NG_052913']","[13, 13, 12, 12, 12, 16, 12, 11, 11, 15, 11, 11, 11]",70,0.481974166
TAAGTCCCATCCGACGAAAG,20,TRUE,84652,84672,3463,1,FALSE,6,"['NG_045001', 'NG_032652', 'NG_016798', 'NG_052955', 'NG_051590', 'NG_051575']","[12, 12, 11, 11, 11, 11]",50,0.481278275
GGCGCAGCTGGTTCAGTTAC,20,TRUE,105381,105401,4239,1,FALSE,5,"['NG_033137', 'NG_008401', 'NG_006987', 'NG_029940', 'NG_047071']","[13, 13, 12, 12, 12]",60,0.471809389
GCTTCCTCATCTTCATCCTG,20,FALSE,60320,60300,1719,1,FALSE,13,"['NG_011643', 'NG_052955', 'NG_047130', 'NG_029228', 'NG_012934', 'NG_065171', 'NG_032003', 'NG_053054', 'NG_052813', 'NG_051312', 'NG_046909', 'NG_016428', 'NG_021469']","[16, 15, 15, 15, 15, 14, 14, 14, 18, 14, 18, 14, 14]",50,0.447487358
TGGCTTCCTCATCTTCATCC,20,FALSE,60322,60302,1719,1,FALSE,13,"['NG_011643', 'NG_033936', 'NG_012934', 'NG_065171', 'NG_032003', 'NG_053054', 'NG_052955', 'NG_051312', 'NG_051288', 'NG_047182', 'NG_047130', 'NG_016428', 'NG_030320']","[16, 15, 15, 14, 14, 14, 14, 14, 14, 18, 14, 14, 14]",50,0.447487358
TTTCTGTGATTTGCAGCTGG,20,TRUE,53198,53218,1176,0.15,FALSE,3,"['NG_046775', 'NG_016715', 'NG_007488']","[14, 14, 14]",45,0.425170068
TCCTCAGGCTGGCGTCAGCG,20,FALSE,103420,103400,4000,1,FALSE,6,"['NG_032121', 'NG_008965', 'NG_054721', 'NG_064424', 'NG_033907', 'NG_023272']","[13, 12, 5, 12, 12, 16]",70,0.416666667
CTTGTACCACTACTGCTTCA,20,TRUE,103349,103369,4000,1,FALSE,6,"['NG_021180', 'NG_011634', 'NG_008119', 'NG_051314', 'NG_007009', 'NG_052906']","[14, 13, 13, 13, 13, 12]",45,0.416666667
CCGCCTGCACCATGTTCCTC,20,FALSE,103435,103415,4000,1,FALSE,6,"['NG_027693', 'NG_050620', 'NG_047052', 'NG_027759', 'NG_008468', 'NG_016349']","[14, 17, 13, 13, 13, 12]",65,0.416666667
GGCTTCCTCATCTTCATCCT,20,FALSE,60321,60301,1719,1,FALSE,14,"['NG_011643', 'NG_052955', 'NG_047130', 'NG_029228', 'NG_012934', 'NG_065171', 'NG_032003', 'NG_053054', 'NG_051312', 'NG_051288', 'NG_047182', 'NG_016428', 'NG_033936', 'NG_021469']","[16, 15, 15, 15, 15, 14, 14, 14, 14, 14, 18, 14, 14, 14]",50,0.415523976
GGCTCCTCCAGTGTGAGGCC,20,TRUE,103326,103346,4000,1,FALSE,7,"['NG_023374', 'NG_008353', 'NG_008019', 'NG_050931', 'NG_008694', 'NG_052909', 'NG_023246']","[15, 6, 13, 13, 4, 17, 13]",70,0.357142857
CTGTCTTCTGGATTCAGATC,20,TRUE,105411,105431,4239,1,FALSE,7,"['NG_007268', 'NG_054753', 'NG_021190', 'NG_047111', 'NG_041793', 'NG_012245', 'NG_033902']","[15, 13, 13, 13, 13, 13, 17]",45,0.337006706
AGCAGGAGAACGACACCTCG,20,TRUE,103435,103455,4000,1,FALSE,8,"['NG_046802', 'NG_029844', 'NG_052810', 'NG_051835', 'NG_008852', 'NG_011691', 'NG_029427', 'NG_012002']","[13, 12, 12, 12, 12, 12, 12, 16]",60,0.3125
AGGAGCCAAGGCGCTGTGCT,20,FALSE,103333,103313,4000,1,FALSE,8,"['NG_008079', 'NG_009630', 'NG_029056', 'NG_012804', 'NG_051577', 'NG_042827', 'NG_031981', 'NG_012386']","[18, 13, 12, 12, 16, 12, 12, 12]",65,0.3125
TGGCGCAGCTGGTTCAGTTA,20,TRUE,105380,105400,4239,1,FALSE,8,"['NG_008401', 'NG_033137', 'NG_006987', 'NG_029940', 'NG_047071', 'NG_016391', 'NG_033894', 'NG_033076']","[13, 13, 12, 12, 12, 12, 12, 12]",55,0.294880868
GAGCAGGAGAACGACACCTC,20,TRUE,103434,103454,4000,1,FALSE,9,"['NG_046802', 'NG_051835', 'NG_029844', 'NG_052810', 'NG_008852', 'NG_011691', 'NG_029427', 'NG_012292', 'NG_012002']","[13, 13, 12, 12, 12, 12, 12, 12, 16]",60,0.277777778
GCCTCACACTGGAGGAGCCA,20,FALSE,103345,103325,4000,1,FALSE,9,"['NG_023374', 'NG_008353', 'NG_008019', 'NG_050931', 'NG_034145', 'NG_034012', 'NG_023246', 'NG_022929', 'NG_016201']","[15, 6, 13, 13, 13, 13, 13, 13, 13]",65,0.277777778
TTGCCACAACTGTTACCCCG,20,FALSE,103473,103453,4000,0.2,FALSE,2,"['NG_021250', 'NG_047197']","[13, 12]",55,0.25
GGAGCAGGAGAACGACACCT,20,TRUE,103433,103453,4000,1,FALSE,10,"['NG_046802', 'NG_051835', 'NG_012292', 'NG_029844', 'NG_011881', 'NG_029852', 'NG_052810', 'NG_051663', 'NG_042305', 'NG_011691']","[13, 13, 13, 12, 12, 12, 12, 12, 12, 12]",60,0.25
GAACATGGTGCAGGCGGAGC,20,TRUE,103418,103438,4000,1,FALSE,10,"['NG_009262', 'NG_030371', 'NG_027759', 'NG_012492', 'NG_011468', 'NG_009557', 'NG_008468', 'NG_029844', 'NG_012855', 'NG_047072']","[14, 12, 13, 13, 13, 17, 13, 12, 12, 16]",65,0.25
ATGACTCCGAGCACTTAACG,20,TRUE,136834,136854,5720,1,FALSE,7,"['NG_041781', 'NG_007485', 'NG_052913', 'NG_013325', 'NG_033825', 'NG_012215', 'NG_032967']","[13, 13, 11, 11, 11, 11, 11]",50,0.24975025
ACCTGTAGTCCACATACCCA,20,FALSE,60390,60370,1719,0.15,FALSE,4,"['NG_047080', 'NG_053082', 'NG_008218', 'NG_047045']","[13, 12, 12, 12]",50,0.218150087
TCCTTCCTGTAGGTGTTTAT,20,TRUE,107645,107665,4294,0.35,FALSE,4,"['NG_033088', 'NG_046866', 'NG_029496', 'NG_027973']","[7, 3, 17, 13]",40,0.203772706
CAAGCTCCCCCACCATTCGG,20,TRUE,45663,45683,747,1,TRUE,-1,0,0,65,0
AGTCAAGCTCCCCCACCATT,20,TRUE,45660,45680,747,1,TRUE,-1,0,0,55,0
CTGCCCAATGCCCCCGACTG,20,FALSE,51694,51674,1129,1,TRUE,-1,0,0,70,0
GAAGGGGTAACAGCTGAATC,20,FALSE,57914,57894,1596,1,TRUE,-1,0,0,50,0
ACGGGGCCATGAAGCAGTAG,20,FALSE,103378,103358,4000,1,TRUE,-1,0,0,60,0
CTCCGAGGGGCACCATTCTG,20,FALSE,35699,35679,468,0.8,TRUE,-1,0,0,65,0
TGACCGCAGTCGGGGGCATT,20,TRUE,51668,51688,1129,1,TRUE,-1,0,0,65,0
CTTCAGGGGTTTCCACTCCA,20,TRUE,57628,57648,1596,1,TRUE,-1,0,0,55,0
TGCCACTGATGGGGATGAGG,20,TRUE,57746,57766,1596,1,TRUE,-1,0,0,60,0
AATGCCCCCGACTGCGGTCA,20,FALSE,51688,51668,1129,1,TRUE,-1,0,0,65,0
CTGACCGCAGTCGGGGGCAT,20,TRUE,51667,51687,1129,1,TRUE,-1,0,0,70,0
TCTTCAGGGGTTTCCACTCC,20,TRUE,57627,57647,1596,1,TRUE,-1,0,0,55,0
CAATGCCCCCGACTGCGGTC,20,FALSE,51689,51669,1129,1,TRUE,-1,0,0,70,0
CAATGCCCCCGACTGCGGTC,20,FALSE,51689,51669,1129,1,TRUE,-1,0,0,70,0
CCTGGGGCTGTCCAATCTGC,20,FALSE,60304,60284,1719,1,TRUE,-1,0,0,65,0
CTCTGCCACTGATGGGGATG,20,TRUE,57743,57763,1596,1,TRUE,-1,0,0,60,0
TGGTGGGGGAGCTTGACTTC,20,FALSE,45678,45658,747,1,TRUE,-1,0,0,60,0
