sequence,length,sense,start,end,distance,percent cds,repeat bases,No of offtarget,off targets,no of match nucleaotides,gc content,score
TCAGTGAAGGATGAGATCAG,20,True,57591,57611,1596,1.0,False,3,"['NG_029712', 'NG_013253', 'NG_013213']","[13, 13, 13]",45.0,2.0885547201336676
ACCAGACTCCTCCTTAGCAG,20,False,51721,51701,1129,1.0,False,5,"['NG_047159', 'NG_011634', 'NG_033823', 'NG_032948', 'NG_023366']","[15, 13, 13, 13, 13]",55.0,1.7714791851195748
AGAGTTCCTGAAGGCCTCCG,20,False,60366,60346,1719,1.0,False,1,['NG_033116'],[13],60.0,5.817335660267598
AGGGCAGCACGCAAACTCCG,20,False,35714,35694,468,1.0,False,4,"['NG_066624', 'NG_047128', 'NG_008432', 'NG_029376']","[12, 12, 12, 11]",65.0,5.3418803418803416
AGCAGCGGCTGTGCCTGCGG,20,False,5336,5316,127,1.0,False,-1,0,0,75.0,0
GAGACCCGAAGAATCAGTCC,20,True,37655,37675,606,1.0,False,5,"['NG_012925', 'NG_053097', 'NG_016799', 'NG_008057', 'NG_021272']","[12, 12, 12, 12, 11]",55.0,3.3003300330033007
GCTGCTAAGGAGGAGTCTGG,20,True,51700,51720,1129,1.0,False,5,"['NG_047159', 'NG_011553', 'NG_033823', 'NG_032948', 'NG_023366']","[15, 13, 13, 13, 13]",60.0,1.7714791851195748
AGAGTCAGATGTCAGGATGG,20,True,29668,29688,330,1.0,False,4,"['NG_028240', 'NG_032989', 'NG_016178', 'NG_008192']","[13, 13, 13, 11]",50.0,7.575757575757576
AGCTCCCAGACCACCACCGA,20,True,57867,57887,1596,1.0,False,2,"['NG_046907', 'NG_016747']","[13, 13]",65.0,3.1328320802005014
CAAGCTCCCCCACCATTCGG,20,True,45663,45683,747,1.0,True,-1,0,0,65.0,0
TGAGGAAGCTGAGGAGGCGG,20,False,5309,5289,127,1.0,False,4,"['NG_012300', 'NG_007884', 'NG_051631', 'NG_046737']","[15, 15, 14, 14]",65.0,19.68503937007874
ACAGCCCCAGGATGAAGATG,20,True,60293,60313,1719,1.0,False,9,"['NG_033869', 'NG_009793', 'NG_013025', 'NG_007939', 'NG_029953', 'NG_012925', 'NG_054883', 'NG_052965', 'NG_052813']","[14, 14, 14, 9, 13, 9, 12, 13, 13]",55.0,0.646370628918622
ACATCATCACAGAACAGCCA,20,True,57664,57684,1596,1.0,False,6,"['NG_015812', 'NG_054754', 'NG_051243', 'NG_050949', 'NG_011878', 'NG_029147']","[13, 17, 13, 13, 13, 13]",45.0,1.0442773600668338
TTGGCGTGCTGCTCACCCTG,20,True,46455,46475,925,1.0,False,8,"['NG_008961', 'NG_008727', 'NG_053070', 'NG_031884', 'NG_009893', 'NG_013081', 'NG_054939', 'NG_054915']","[3, 13, 13, 1, 13, 12, 12, 12]",65.0,1.3513513513513513
ATGACCTGCTGACCCTGGAG,20,False,57663,57643,1596,1.0,False,6,"['NG_032871', 'NG_016545', 'NG_054928', 'NG_052957', 'NG_052848', 'NG_032144']","[14, 14, 17, 13, 13, 13]",60.0,1.0442773600668338
GATGAAGATGAGGAAGCCAC,20,True,60303,60323,1719,1.0,False,8,"['NG_011643', 'NG_033936', 'NG_012934', 'NG_065171', 'NG_009932', 'NG_051288', 'NG_016428', 'NG_030320']","[16, 15, 15, 14, 14, 14, 14, 14]",50.0,0.7271669575334497
GGCTGAGGAAGCTGAGGAGG,20,False,5312,5292,127,1.0,False,3,"['NG_017035', 'NG_012300', 'NG_006669']","[15, 15, 14]",65.0,26.246719160104988
CACGCCAAGAATCAGCAGAG,20,False,46463,46443,925,1.0,False,4,"['NG_027734', 'NG_011756', 'NG_053179', 'NG_028212']","[13, 13, 13, 13]",55.0,2.7027027027027026
GGAAGCTGAGGAGGCGGCGG,20,False,5306,5286,127,1.0,False,-1,0,0,75.0,0
